INSERT INTO "Areas" ("number")
VALUES (1),
       (2),
       (3),
       (4),
       (5),
       (6),
       (7),
       (8),
       (9),
       (10);

INSERT INTO "Specializations" ("id", "name")
VALUES (1, 'Терапевт'),
       (2, 'Хирург'),
       (3, 'Педиатр'),
       (4, 'Офтальмолог'),
       (5, 'Кардиолог'),
       (6, 'Невролог'),
       (7, 'Дерматолог'),
       (8, 'Ортопед'),
       (9, 'Эндокринолог'),
       (10, 'Стоматолог');

INSERT INTO "Offices" ("number")
VALUES (101),
       (102),
       (103),
       (104),
       (105),
       (106),
       (107),
       (108),
       (109),
       (110);

INSERT INTO "Patients" ("name", "surname", "patronymic", "address", "birthday", "sex", "areaNumber")
VALUES ('Иван', 'Иванов', 'Иванович', 'ул. Пушкина, 10', 1985 - 05 - 12, 1, 1),
       ('Петр', 'Петров', 'Петрович', 'ул. Лермонтова, 5', 1990 - 08 - 21, 1, 2),
       ('Мария', 'Сидорова', 'Алексеевна', 'ул. Чехова, 14', 1978 - 03 - 15, 2, 3),
       ('Анна', 'Кузнецова', 'Сергеевна', 'ул. Толстого, 8', 1989 - 12 - 02, 2, 4),
       ('Олег', 'Новиков', 'Владимирович', 'ул. Маяковского, 7', 1995 - 06 - 17, 1, 5),
       ('Екатерина', 'Зайцева', 'Игоревна', 'ул. Гоголя, 13', 1992 - 09 - 08, 2, 6),
       ('Максим', 'Попов', 'Андреевич', 'ул. Достоевского, 3', 1983 - 11 - 24, 1, 7),
       ('Ольга', 'Смирнова', 'Дмитриевна', 'ул. Тургенева, 6', 1979 - 07 - 30, 2, 8),
       ('Дмитрий', 'Волков', 'Евгеньевич', 'ул. Гончарова, 4', 1986 - 10 - 13, 1, 9),
       ('Светлана', 'Соколова', 'Николаевна', 'ул. Бунина, 12', 1993 - 01 - 25, 2, 10);

INSERT INTO "Doctors" ("fullName", "office", "specialization", "area")
VALUES ('Дмитрий Иванович Медведев', 101, 1, 1),
       ('Анна Сергеевна Смирнова', 102, 2, 2),
       ('Олег Викторович Петров', 103, 3, 3),
       ('Екатерина Игоревна Попова', 104, 4, 4),
       ('Иван Андреевич Сидоров', 105, 5, 5),
       ('Мария Владимировна Иванова', 106, 6, 6),
       ('Андрей Николаевич Кузнецов', 107, 7, 7),
       ('Ольга Александровна Васильева', 108, 8, 8),
       ('Николай Михайлович Волков', 109, 9, 9),
       ('Елена Павловна Михайлова', 110, 10, 10);
